{
  "i": 3,
  "f": 11.8376265,
  "d": 19.425224304199219,
  "b": false,
  "s": "a",
  "arr": [
    0,
    1,
    2
  ],
  "list": [
    0.0,
    0.1,
    0.2
  ],
  "dic": {
    "딕셔너리": true,
    "더함": true
  }
}
