{"i":6,"f":11.4015284,"d":17.25836181640625,"b":true,"s":"a","arr":[0,1,2,3,4,5],"list":[0.0,0.1,0.2,0.3,0.4,0.5],"dic":{"딕셔너리":true,"더함":true}}