{"i":4,"f":11.0767765,"d":17.708503723144531,"b":true,"s":"j","arr":[0,1,2,3],"list":[0.0,0.1,0.2,0.3],"dic":{"딕셔너리":true,"더함":true}}
